Accuracy,Precision,Recall,F1_Score
0.92,0.9285714285714286,0.9285714285714286,0.9285714285714286
